Date,Close Price,Volume
2019-02-07,3660.03,89444.22
2019-02-08,3652.26,25880.75
2019-02-09,3685.14,30046.26
2019-02-10,3611.34,40461.58
2019-02-11,3617.41,45717.05
2019-02-12,3605.87,40664.15
2019-02-13,3588.72,32779.35
2019-02-14,3593.49,36251.38
2019-02-15,3617.24,24003.59
2019-02-16,3670.92,36849.32
2019-02-17,3912.57,98728.99
2019-02-18,3924.24,74127.62
2019-02-19,3974.05,53048.95
2019-02-20,3937.04,47433.87
2019-02-21,3983.53,43006.55
2019-02-22,4149.09,57002.5
2019-02-23,3771.62,80391.72
2019-02-24,3845.51,48406.42
2019-02-25,3817.88,33253.08
2019-02-26,3830.72,46011.1
2019-02-27,3823.37,44353.45
2019-02-28,3831.48,26522.34
2019-03-01,3842.94,19283.71
2019-03-02,3812.31,16769.86
2019-03-03,3731.28,39278.22
2019-03-04,3874.18,43262.3
2019-03-05,3874.98,33536.95
2019-03-06,3882.61,37619.38
2019-03-07,3868.02,39428.25
2019-03-08,3947.74,27600.01
2019-03-09,3929.84,17404.16
2019-03-10,3874.89,32708.55
2019-03-11,3888.57,33655.37
2019-03-12,3878.44,27922.69
2019-03-13,3881.44,34554.38
2019-03-14,3927.08,32133.02
2019-03-15,4027.01,41319.81
2019-03-16,3998.0,17033.6
2019-03-17,3988.85,27416.92
2019-03-18,4024.14,29686.2
2019-03-19,4056.75,36862.09
2019-03-20,3996.93,44251.52
2019-03-21,4000.84,22671.75
2019-03-22,4007.21,18486.22
2019-03-23,3994.11,16111.98
2019-03-24,3924.55,34191.84
2019-03-25,3942.22,23873.14
2019-03-26,4045.98,37132.4
2019-03-27,4036.45,25343.13
2019-03-28,4111.38,41843.31
2019-03-29,4118.13,24906.26
2019-03-30,4112.69,13792.73
2019-03-31,4151.32,36921.55
2019-04-01,4906.93,172473.31
2019-04-02,4976.59,159843.43
2019-04-03,4913.36,74544.88
2019-04-04,5047.23,56130.82
2019-04-05,5057.25,54180.91
2019-04-06,5201.16,47200.43
2019-04-07,5294.09,69803.56
2019-04-08,5201.3,48552.25
2019-04-09,5318.6,65813.81
2019-04-10,5048.56,69622.86
2019-04-11,5081.5,43762.94
2019-04-12,5080.66,23342.24
2019-04-13,5165.59,21193.03
2019-04-14,5037.27,40402.46
2019-04-15,5212.81,40370.0
2019-04-16,5236.26,37225.68
2019-04-17,5289.75,35511.12
2019-04-18,5295.53,30109.97
2019-04-19,5326.18,23214.49
2019-04-20,5305.74,25466.81
2019-04-21,5394.67,45346.65
2019-04-22,5539.1,66448.85
2019-04-23,5454.58,61651.16
2019-04-24,5162.67,70755.72
2019-04-25,5234.09,70191.21
2019-04-26,5229.48,21692.98
2019-04-27,5272.45,25294.87
2019-04-28,5237.96,31947.44
2019-04-29,5350.64,32567.46
2019-04-30,5389.54,27410.57
2019-05-01,5500.72,35089.37
2019-05-02,5753.38,75434.86
2019-05-03,5840.08,45628.34
2019-05-04,5794.14,25481.48
2019-05-05,5748.17,34979.71
2019-05-06,5819.57,59556.89
2019-05-07,5998.71,40967.62
2019-05-08,6171.96,51005.27
2019-05-09,6358.29,68160.13
2019-05-10,7191.36,135248.42
2019-05-11,6977.63,142892.25
2019-05-12,7806.36,149082.57
2019-05-13,7980.13,122383.06
2019-05-14,8183.83,86162.62
2019-05-15,7874.11,95341.68
2019-05-16,7371.96,141482.93
2019-05-17,7266.08,41327.89
2019-05-18,8193.14,91218.12
2019-05-19,7998.29,80672.83
2019-05-20,7947.93,45005.01
2019-05-21,7626.89,54216.74
2019-05-22,7876.5,50121.07
2019-05-23,7996.4,51604.15
2019-05-24,8059.13,22294.65
2019-05-25,8726.23,57648.95
2019-05-26,8785.17,57692.17
2019-05-27,8718.85,41445.13
2019-05-28,8664.56,44056.71
2019-05-29,8276.25,95189.06
2019-05-30,8550.67,60143.23
2019-05-31,8555.87,26884.15
2019-06-01,8737.91,25506.14
2019-06-02,8114.49,63486.15
2019-06-03,7677.47,103552.9
2019-06-04,7791.29,49771.65
2019-06-05,7807.36,44397.47
2019-06-06,8002.63,51105.14
2019-06-07,7933.78,23469.94
2019-06-08,7643.44,30301.73
2019-06-09,8021.0,43154.98
2019-06-10,7917.32,35850.45
2019-06-11,8174.14,49460.34
2019-06-12,8235.57,38536.25
2019-06-13,8693.96,50383.98
2019-06-14,8853.56,38140.15
2019-06-15,8979.18,84289.2
2019-06-16,9336.01,65486.04
2019-06-17,9081.71,51829.13
2019-06-18,9280.54,32012.68
2019-06-19,9536.85,45144.43
2019-06-20,10218.87,77828.7
2019-06-21,10689.54,115793.98
2019-06-22,10855.99,57082.02
2019-06-23,11035.74,52118.36
2019-06-24,11740.34,84123.73
2019-06-25,12913.28,211449.88
2019-06-26,11154.09,202428.68
2019-06-27,12355.06,120700.97
2019-06-28,11884.1,81875.16
2019-06-29,10769.05,80893.36
2019-06-30,10591.87,115739.97
2019-07-01,10844.13,120994.95
2019-07-02,11981.61,115565.16
2019-07-03,11156.52,71141.03
2019-07-04,10993.25,66066.75
2019-07-05,11248.94,48172.2
2019-07-06,11474.28,36847.21
2019-07-07,12296.16,63847.27
2019-07-08,12567.02,79607.47
2019-07-09,12099.12,124523.09
2019-07-10,11343.12,102929.11
2019-07-11,11797.37,55994.89
2019-07-12,11363.97,59187.84
2019-07-13,10204.41,76310.21
2019-07-14,10850.26,92742.77
2019-07-15,9423.44,113537.84
2019-07-16,9696.15,101032.08
2019-07-17,10638.35,102443.07
2019-07-18,10532.94,62995.33
2019-07-19,10759.42,56766.57
2019-07-20,10586.71,38379.41
2019-07-21,10325.87,50574.02
2019-07-22,9854.15,52754.02
2019-07-23,9772.14,54750.78
2019-07-24,9882.43,40285.56
2019-07-25,9847.45,31960.31
2019-07-26,9478.32,53081.42
2019-07-27,9531.77,28313.55
2019-07-28,9506.93,31434.4
2019-07-29,9595.52,28856.19
2019-07-30,10089.25,42030.01
2019-07-31,10409.79,43505.11
2019-08-01,10528.99,44213.09
2019-08-02,10820.41,34102.93
2019-08-03,10978.91,39795.33
2019-08-04,11807.96,74748.53
2019-08-05,11467.1,80694.71
2019-08-06,11974.28,70893.9
2019-08-07,11982.8,49871.24
2019-08-08,11865.21,39230.82
2019-08-09,11293.59,40869.27
2019-08-10,11549.06,25734.51
2019-08-11,11387.41,20181.72
2019-08-12,10872.0,43742.98
2019-08-13,10031.89,70125.86
2019-08-14,10308.51,84438.15
2019-08-15,10360.43,62357.48
2019-08-16,10220.75,24470.79
2019-08-17,10326.25,21614.15
2019-08-18,10922.16,39936.81
2019-08-19,10770.76,30891.56
2019-08-20,10131.67,57446.51
2019-08-21,10104.11,38005.1
2019-08-22,10410.49,31466.97
2019-08-23,10150.07,28068.47
2019-08-24,10141.75,25686.72
2019-08-25,10364.91,42155.28
2019-08-26,10175.47,26481.68
2019-08-27,9722.83,49145.33
2019-08-28,9492.81,42711.51
2019-08-29,9587.25,28941.49
2019-08-30,9624.54,15427.47
2019-08-31,9768.36,15485.86
2019-09-01,10387.5,42504.5
2019-09-02,10625.1,52101.71
2019-09-03,10585.2,41229.09
2019-09-04,10556.16,23957.29
2019-09-05,10309.91,54409.77
2019-09-06,10491.96,18864.32
2019-09-07,10420.88,18990.22
2019-09-08,10314.88,33044.44
2019-09-09,10109.46,26197.16
2019-09-10,10165.01,28189.47
2019-09-11,10428.96,26821.06
2019-09-12,10372.29,24372.25
2019-09-13,10365.56,15570.76
2019-09-14,10313.02,11651.76
2019-09-15,10271.79,27381.87
2019-09-16,10198.62,21680.68
2019-09-17,10163.38,21739.97
2019-09-18,10281.03,45685.81
2019-09-19,10176.38,20930.03
2019-09-20,9988.38,17868.39
2019-09-21,10036.98,17799.44
2019-09-22,9694.6,33287.92
2019-09-23,8542.54,121811.28
2019-09-24,8446.97,74724.79
2019-09-25,8074.99,80375.17
2019-09-26,8201.36,48376.65
2019-09-27,8223.65,29802.19
2019-09-28,8065.26,28053.51
2019-09-29,8314.62,50440.1
2019-09-30,8326.64,42368.0
2019-10-01,8391.52,24785.21
2019-10-02,8246.3,30435.91
2019-10-03,8168.05,26268.19
2019-10-04,8172.48,17371.63
2019-10-05,7868.31,30026.91
2019-10-06,8215.11,39653.14
2019-10-07,8191.87,21060.16
2019-10-08,8593.16,47097.59
2019-10-09,8596.57,29187.08
2019-10-10,8278.05,38612.05
2019-10-11,8316.66,11037.58
2019-10-12,8296.34,20190.99
2019-10-13,8363.94,17507.78
2019-10-14,8173.48,24899.11
2019-10-15,8014.39,34102.92
2019-10-16,8082.46,21657.02
2019-10-17,7972.62,27732.54
2019-10-18,7973.63,17875.39
2019-10-19,8247.25,25287.68
2019-10-20,8223.25,22831.65
2019-10-21,8034.5,24453.79
2019-10-22,7479.54,60122.39
2019-10-23,7444.2,28580.18
2019-10-24,8671.1,79777.72
2019-10-25,9258.98,154648.62
2019-10-26,9550.6,64673.13
2019-10-27,9222.23,54907.49
2019-10-28,9432.86,40284.46
2019-10-29,9169.86,34376.01
2019-10-30,9157.52,35891.86
2019-10-31,9260.59,27365.39
2019-11-01,9311.99,17135.45
2019-11-02,9221.61,15670.3
2019-11-03,9421.54,29435.09
2019-11-04,9323.61,24971.55
2019-11-05,9347.27,22338.76
2019-11-06,9208.52,21322.07
2019-11-07,8772.31,41674.91
2019-11-08,8822.19,13145.33
2019-11-09,9045.85,18134.09
2019-11-10,8726.31,25750.4
2019-11-11,8815.14,22305.54
2019-11-12,8773.82,15828.57
2019-11-13,8640.42,18999.7
2019-11-14,8468.57,31281.14
2019-11-15,8498.94,9355.13
2019-11-16,8515.28,14296.75
2019-11-17,8190.16,30048.32
2019-11-18,8133.57,24402.6
2019-11-19,8093.6,18105.11
2019-11-20,7632.59,45760.44
2019-11-21,7292.2,94065.31
2019-11-22,7339.24,25474.86
2019-11-23,6930.09,35108.24
2019-11-24,7138.23,85742.76
2019-11-25,7170.11,36264.64
2019-11-26,7531.5,66406.48
2019-11-27,7442.33,29886.7
2019-11-28,7769.38,37243.54
2019-11-29,7571.77,24778.5
2019-11-30,7420.53,30676.77
2019-12-01,7320.94,25163.31
2019-12-02,7313.64,18521.73
2019-12-03,7207.78,49046.2
2019-12-04,7406.75,30054.36
2019-12-05,7558.58,28169.83
2019-12-06,7514.86,14093.87
2019-12-07,7539.7,15949.09
2019-12-08,7350.62,35089.72
2019-12-09,7233.84,23348.59
2019-12-10,7212.01,19799.94
2019-12-11,7199.39,28003.83
2019-12-12,7261.72,18725.31
2019-12-13,7080.29,15624.21
2019-12-14,7132.39,15972.7
2019-12-15,6897.33,39619.58
2019-12-16,6635.84,46023.51
2019-12-17,7294.53,71573.09
2019-12-18,7159.26,34799.1
2019-12-19,7203.41,23556.25
2019-12-20,7159.47,12101.12
2019-12-21,7517.58,27325.26
2019-12-22,7326.6,44770.93
2019-12-23,7260.91,27770.75
2019-12-24,7202.72,15012.21
2019-12-25,7207.23,23254.3
2019-12-26,7253.82,25489.38
2019-12-27,7316.23,14542.71
2019-12-28,7399.49,18230.94
2019-12-29,7234.44,23030.92
2019-12-30,7183.88,19424.26
2019-12-31,7189.94,11872.0
2020-01-01,6965.72,26531.32
2020-01-02,7339.7,51975.01
2020-01-03,7357.5,22083.57
2020-01-04,7359.96,24084.13
2020-01-05,7762.69,46443.66
2020-01-06,8160.36,75423.75
2020-01-07,8045.15,85087.59
2020-01-08,7817.35,40045.64
2020-01-09,8190.31,55534.09
2020-01-10,8024.58,30734.63
2020-01-11,8181.49,17525.61
2020-01-12,8106.56,22746.0
2020-01-13,8820.95,89444.78
2020-01-14,8813.21,50394.79
2020-01-15,8719.63,33539.82
2020-01-16,8894.83,48787.4
2020-01-17,8909.28,19872.9
2020-01-18,8702.59,47750.9
2020-01-19,8634.03,21888.47
2020-01-20,8724.84,22731.19
2020-01-21,8667.26,17278.13
2020-01-22,8394.28,38348.08
2020-01-23,8431.78,27811.03
2020-01-24,8345.88,14296.82
2020-01-25,8602.37,22444.54
2020-01-26,8898.94,37524.75
2020-01-27,9391.97,51850.54
2020-01-28,9286.18,36978.22
2020-01-29,9501.38,45852.79
2020-01-30,9342.23,31334.26
2020-01-31,9384.45,14778.25
2020-02-01,9334.25,24059.37
2020-02-02,9288.96,33363.87
2020-02-03,9171.98,26614.92
2020-02-04,9611.42,47150.99
2020-02-05,9755.84,42264.62
2020-02-06,9808.36,25549.21
2020-02-07,9898.25,24889.03
2020-02-08,10157.78,33829.57
2020-02-09,9858.03,40941.28
2020-02-10,10269.43,49240.73
2020-02-11,10347.93,43484.9
2020-02-12,10233.32,49389.81
2020-02-13,10360.37,28984.69
2020-02-14,9905.43,29878.88
2020-02-15,9925.51,27579.54
2020-02-16,9702.48,37157.31
2020-02-17,10182.6,38551.14
2020-02-18,9602.43,47506.68
2020-02-19,9608.8,36843.12
2020-02-20,9697.86,30286.18
2020-02-21,9671.46,12206.36
2020-02-22,9977.39,23058.71
2020-02-23,9664.21,34044.18
2020-02-24,9316.18,34827.75
2020-02-25,8793.5,65447.95
2020-02-26,8821.5,47005.39
2020-02-27,8719.29,41600.5
2020-02-28,8545.45,16806.37
2020-02-29,8549.38,25550.31
2020-03-01,8919.74,33004.6
2020-03-02,8765.68,28648.83
2020-03-03,8773.78,22115.34
2020-03-04,9074.82,33760.74
2020-03-05,9160.39,21090.1
2020-03-06,8903.72,20669.17
2020-03-07,8057.67,63231.33
2020-03-08,7944.4,86700.45
2020-03-09,7894.66,53646.28
2020-03-10,7945.36,47596.23
2020-03-11,4916.78,286243.45
2020-03-12,5632.58,319316.54
2020-03-13,5181.77,87978.27
2020-03-14,5357.02,105160.64
2020-03-15,5045.0,203116.86
2020-03-16,5337.66,116314.49
2020-03-17,5413.06,109210.96
2020-03-18,6184.88,147007.71
2020-03-19,6206.44,148232.44
2020-03-20,6195.43,67262.29
2020-03-21,5828.15,75451.24
2020-03-22,6503.53,107692.99
2020-03-23,6767.18,105151.69
2020-03-24,6694.21,84721.04
2020-03-25,6757.95,45203.7
2020-03-26,6382.8,57134.12
2020-03-27,6252.49,60814.06
2020-03-28,5882.2,47232.21
2020-03-29,6403.31,70623.69
2020-03-30,6423.61,36169.65
2020-03-31,6663.63,59228.61
2020-04-01,6804.42,93059.32
2020-04-02,6743.68,55578.32
2020-04-03,6875.95,33774.99
2020-04-04,6781.64,26776.41
2020-04-05,7347.22,78676.82
2020-04-06,7201.57,70648.16
2020-04-07,7367.37,60952.77
2020-04-08,7294.55,44071.93
2020-04-09,6876.49,63355.47
2020-04-10,6887.6,24917.32
2020-04-11,6913.76,42382.58
2020-04-12,6859.43,63091.4
2020-04-13,6879.44,44630.96
2020-04-14,6629.54,49708.81
2020-04-15,7114.55,98809.08
2020-04-16,7037.12,45840.75
2020-04-17,7264.29,35919.74
2020-04-18,7132.88,29493.83
2020-04-19,6842.45,64707.0
2020-04-20,6855.11,44531.91
2020-04-21,7135.41,43780.72
2020-04-22,7489.25,81106.87
2020-04-23,7509.44,51734.5
2020-04-24,7546.92,30165.48
2020-04-25,7701.35,33092.14
2020-04-26,7787.41,48551.15
2020-04-27,7760.32,38507.32
2020-04-28,8784.96,157978.19
2020-04-29,8637.56,161267.28
2020-04-30,8829.12,70407.63
2020-05-01,8981.11,36139.66
2020-05-02,8907.19,59476.78
2020-05-03,8881.65,64835.52
2020-05-04,9029.75,60185.36
2020-05-05,9153.2,88912.83
2020-05-06,9999.93,125991.41
2020-05-07,9808.18,91540.3
2020-05-08,9541.13,59814.44
2020-05-09,8735.05,133597.2
2020-05-10,8568.88,144898.27
2020-05-11,8821.18,66073.43
2020-05-12,9317.44,68248.72
2020-05-13,9793.19,97176.37
2020-05-14,9311.69,84280.62
2020-05-15,9387.08,37023.76
2020-05-16,9670.56,52271.64
2020-05-17,9722.73,62325.78
2020-05-18,9780.2,60720.68
2020-05-19,9509.45,61892.78
2020-05-20,9059.11,87116.97
2020-05-21,9170.74,44400.9
2020-05-22,9186.19,23636.66
2020-05-23,8718.49,45736.61
2020-05-24,8901.48,43894.32
2020-05-25,8844.5,39855.17
2020-05-26,9204.62,42022.36
2020-05-27,9579.71,56625.62
2020-05-28,9424.62,40183.32
2020-05-29,9699.78,24640.28
2020-05-30,9450.47,22242.38
2020-05-31,10211.23,44485.42
2020-06-01,9523.75,82606.91
2020-06-02,9666.06,33114.73
2020-06-03,9794.55,43080.32
2020-06-04,9622.02,41806.08
2020-06-05,9671.46,22979.04
2020-06-06,9750.7,39020.91
2020-06-07,9782.58,32766.08
2020-06-08,9779.7,38753.41
2020-06-09,9891.84,40206.35
2020-06-10,9268.13,86717.5
2020-06-11,9464.23,40820.42
2020-06-12,9474.65,16597.62
2020-06-13,9333.7,19334.41
2020-06-14,9429.65,66872.84
2020-06-15,9526.7,39887.07
2020-06-16,9459.13,34516.51
2020-06-17,9380.67,25143.4
2020-06-18,9301.83,31669.73
2020-06-19,9359.18,19608.75
2020-06-20,9292.81,13199.69
2020-06-21,9691.61,41271.48
2020-06-22,9624.3,30724.93
2020-06-23,9292.94,49186.2
2020-06-24,9241.32,47297.43
2020-06-25,9158.07,40519.91
2020-06-26,9007.14,28152.32
2020-06-27,9120.39,19775.94
2020-06-28,9187.07,31119.19
2020-06-29,9136.47,23376.63
2020-06-30,9238.89,29846.4
2020-07-01,9092.8,37657.49
2020-07-02,9066.46,21807.46
2020-07-03,9142.2,16185.04
2020-07-04,9081.44,17548.22
2020-07-05,9347.05,36844.23
2020-07-06,9257.32,25836.94
2020-07-07,9439.2,37422.23
2020-07-08,9238.95,30177.18
2020-07-09,9288.57,24422.31
2020-07-10,9237.13,11785.42
2020-07-11,9300.95,16385.5
2020-07-12,9237.89,25872.33
2020-07-13,9256.07,25865.27
2020-07-14,9193.22,23480.12
2020-07-15,9133.23,27882.77
2020-07-16,9156.79,20542.6
2020-07-17,9177.22,11952.82
2020-07-18,9216.02,12797.83
2020-07-19,9164.42,18729.9
2020-07-20,9392.83,34505.35
2020-07-21,9537.24,29959.04
2020-07-22,9615.21,43462.72
2020-07-23,9550.23,33810.92
2020-07-24,9708.41,24211.0
2020-07-25,9942.01,42161.94
2020-07-26,11042.94,128836.3
2020-07-27,10933.26,85478.78
2020-07-28,11112.04,61949.48
2020-07-29,11113.66,45655.22
2020-07-30,11352.72,54108.77
2020-07-31,11812.42,63746.48
2020-08-01,11063.5,63507.01
2020-08-02,11234.73,42060.85
2020-08-03,11194.18,35052.44
2020-08-04,11752.05,48146.58
2020-08-05,11771.27,49916.86
2020-08-06,11603.82,55865.16
2020-08-07,11770.77,23238.62
2020-08-08,11686.34,19874.64
2020-08-09,11897.41,56105.27
2020-08-10,11389.01,62677.5
2020-08-11,11570.19,37568.86
2020-08-12,11790.68,42205.26
2020-08-13,11774.52,37248.83
2020-08-14,11860.91,31094.75
2020-08-15,11917.97,22029.01
2020-08-16,12301.19,56064.01
2020-08-17,11956.69,49904.68
2020-08-18,11760.37,50094.06
2020-08-19,11863.43,43209.58
2020-08-20,11527.35,63548.27
2020-08-21,11670.42,49538.11
2020-08-22,11651.52,33405.25
2020-08-23,11756.4,39119.97
2020-08-24,11330.56,50836.08
2020-08-25,11466.89,27168.29
2020-08-26,11331.02,40978.91
2020-08-27,11535.21,30815.36
2020-08-28,11480.48,16305.87
2020-08-29,11716.54,16398.78
2020-08-30,11657.81,26331.03
2020-08-31,11926.69,45202.86
2020-09-01,11397.9,53717.87
2020-09-02,10174.62,82662.97
2020-09-03,10467.33,54204.6
2020-09-04,10167.97,60292.64
2020-09-05,10260.37,29450.0
2020-09-06,10379.08,41648.61
2020-09-07,10128.54,54770.65
2020-09-08,10228.85,33984.18
2020-09-09,10345.68,43679.85
2020-09-10,10398.5,25800.65
2020-09-11,10448.0,17704.47
2020-09-12,10332.36,28905.77
2020-09-13,10678.31,34032.31
2020-09-14,10786.7,34224.45
2020-09-15,10957.1,34093.35
2020-09-16,10945.14,26980.75
2020-09-17,10937.89,22774.38
2020-09-18,11083.61,17491.35
2020-09-19,10921.85,21791.13
2020-09-20,10418.14,44906.88
2020-09-21,10534.73,28764.85
2020-09-22,10238.09,26680.48
2020-09-23,10742.98,29020.54
2020-09-24,10694.12,33843.79
2020-09-25,10734.23,13794.51
2020-09-26,10781.47,13820.35
2020-09-27,10699.0,32269.15
2020-09-28,10841.29,31167.43
2020-09-29,10779.42,29556.58
2020-09-30,10622.79,39457.33
2020-10-01,10576.64,33798.95
2020-10-02,10552.04,10469.92
2020-10-03,10675.52,10487.7
2020-10-04,10795.11,23891.17
2020-10-05,10603.9,30869.62
2020-10-06,10672.67,19601.45
2020-10-07,10929.4,39280.36
2020-10-08,11058.78,32665.61
2020-10-09,11301.57,26181.83
2020-10-10,11375.51,17795.07
2020-10-11,11539.76,41705.77
2020-10-12,11427.29,33529.75
2020-10-13,11429.3,22758.2
2020-10-14,11508.31,33044.49
2020-10-15,11326.25,29300.16
2020-10-16,11367.65,9901.25
2020-10-17,11513.33,11528.41
2020-10-18,11756.88,39224.67
2020-10-19,11921.78,48504.61
2020-10-20,12813.11,103080.18
2020-10-21,12990.25,57124.85
2020-10-22,12937.2,32269.84
2020-10-23,13126.13,20932.05
2020-10-24,13041.21,28208.48
2020-10-25,13069.43,35322.99
2020-10-26,13646.02,44978.37
2020-10-27,13285.97,32501.89
2020-10-28,13462.18,41497.54
2020-10-29,13565.95,56364.21
2020-10-30,13803.41,43579.77
2020-10-31,13761.72,20841.63
2020-11-01,13571.24,33465.17
2020-11-02,14023.78,21969.7
2020-11-03,14157.73,30406.02
2020-11-04,15599.92,42121.25
2020-11-05,15590.62,34543.56
2020-11-06,14838.16,25695.27
2020-11-07,15488.25,18706.65
2020-11-08,15335.03,32088.79
2020-11-09,15313.73,23031.66
2020-11-10,15707.08,45852.83
2020-11-11,16306.53,67322.57
2020-11-12,16332.85,42676.28
2020-11-13,16075.95,28331.05
2020-11-14,15964.7,17966.53
2020-11-15,16721.46,41641.22
2020-11-16,17681.54,62123.13
2020-11-17,17786.27,80691.42
2020-11-18,17824.64,48224.86
2020-11-19,18672.78,51122.68
2020-11-20,18704.06,37702.81
2020-11-21,18430.59,43464.62
2020-11-22,18385.74,48994.17
2020-11-23,19157.16,74142.3
2020-11-24,18725.76,59989.48
2020-11-25,17175.86,129609.34
2020-11-26,17155.0,61052.47
2020-11-27,17739.9,34697.03
2020-11-28,18199.23,27161.16
2020-11-29,19686.87,77985.3
2020-11-30,18792.03,91108.23
2020-12-01,19226.19,47787.81
2020-12-02,19448.44,38699.87
2020-12-03,18665.0,42234.35
2020-12-04,19156.84,20517.48
2020-12-05,19378.94,21172.5
2020-12-06,19181.41,24908.46
2020-12-07,18323.52,46151.65
2020-12-08,18549.92,57997.45
2020-12-09,18250.47,37500.96
2020-12-10,18034.86,45166.17
2020-12-11,18814.98,26150.36
2020-12-12,19169.05,30902.88
2020-12-13,19274.69,23827.71
2020-12-14,19441.96,42331.4
2020-12-15,21352.13,95374.74
2020-12-16,22822.17,140483.08
2020-12-17,23135.57,59658.48
2020-12-18,23844.72,53911.52
2020-12-19,23467.06,42981.99
2020-12-20,22727.13,75934.38
2020-12-21,23823.32,49685.46
2020-12-22,23239.5,66161.63
2020-12-23,23724.2,39804.23
2020-12-24,24707.98,49655.15
2020-12-25,26445.7,62923.13
2020-12-26,26249.27,91052.09
2020-12-27,27039.45,52027.49
2020-12-28,27360.78,55477.49
2020-12-29,28889.61,70752.88
2020-12-30,28972.4,66915.03
2020-12-31,29388.94,50841.73
2021-01-01,32203.64,119214.75
2021-01-02,33063.48,93510.99
2021-01-03,32030.55,124909.68
2021-01-04,34038.29,93735.47
2021-01-05,36849.86,108190.73
2021-01-06,39479.41,124086.76
2021-01-07,40636.24,118077.27
2021-01-08,40236.66,55591.28
2021-01-09,38202.08,103220.32
2021-01-10,35496.03,240328.0
2021-01-11,34058.4,115232.53
2021-01-12,37380.85,91979.17
2021-01-13,39155.58,74972.21
2021-01-14,36790.17,89468.27
2021-01-15,36025.26,54226.28
2021-01-16,35839.51,50913.3
2021-01-17,36623.04,43063.97
2021-01-18,35932.79,48457.45
2021-01-19,35501.38,66302.02
2021-01-20,30840.3,125586.98
2021-01-21,33008.02,109210.12
2021-01-22,32107.29,39813.32
2021-01-23,32283.66,33650.76
2021-01-24,32275.27,59529.49
2021-01-25,32516.52,59770.06
2021-01-26,30423.05,102257.23
2021-01-27,33443.87,76993.1
2021-01-28,34252.08,169454.57
2021-01-29,34317.82,46326.31
2021-01-30,33143.22,35337.11
2021-01-31,33535.94,48144.6
2021-02-01,35524.43,51377.38
2021-02-02,37677.34,63974.93
2021-02-03,36983.42,73775.45
2021-02-04,38310.24,45243.69
2021-02-05,39267.01,66494.6
2021-02-06,38868.82,53823.4
2021-02-07,46437.41,138485.21
2021-02-08,46509.57,98670.48
2021-02-09,44854.95,72992.8
2021-02-10,48006.18,72251.82
2021-02-11,47435.54,59549.61
2021-02-12,47222.32,33281.25
2021-02-13,48652.87,37853.59
2021-02-14,47936.51,52683.57
2021-02-15,49184.63,66072.59
2021-02-16,52154.91,67133.49
2021-02-17,51591.61,42530.26
2021-02-18,55933.47,72433.44
2021-02-19,55900.84,52924.57
2021-02-20,57469.95,33823.01
2021-02-21,54121.17,130806.33
2021-02-22,48898.7,165758.08
2021-02-23,49738.17,74972.28
2021-02-24,47082.87,73102.42
2021-02-25,46324.5,90519.05
2021-02-26,46191.39,39013.78
2021-02-27,45261.03,62249.5
2021-02-28,49635.07,65660.6
2021-03-01,48501.21,43281.84
2021-03-02,50392.55,51572.27
2021-03-03,48363.74,61387.71
2021-03-04,48775.37,60955.82
2021-03-05,48892.8,25116.42
2021-03-06,50964.18,32958.26
2021-03-07,52405.02,48084.28
2021-03-08,54928.7,53740.22
2021-03-09,55893.31,70138.56
2021-03-10,57809.41,59202.98
2021-03-11,57256.22,54282.31
2021-03-12,61179.79,57862.75
2021-03-13,58998.89,34886.85
2021-03-14,55665.01,75161.15
2021-03-15,56925.01,62540.93
2021-03-16,58909.0,62035.71
2021-03-17,57643.32,54289.71
2021-03-18,58060.21,41182.41
2021-03-19,58101.34,28696.46
2021-03-20,57374.95,34236.52
2021-03-21,54095.36,51098.9
2021-03-22,54355.45,44780.24
2021-03-23,52303.02,62596.16
2021-03-24,51336.09,69776.36
2021-03-25,55055.43,46165.63
2021-03-26,55863.73,27392.29
2021-03-27,55781.01,24145.77
2021-03-28,57626.1,51547.9
2021-03-29,58781.54,35315.45
2021-03-30,58793.8,46494.48
2021-03-31,58730.82,28027.66
2021-04-01,58987.8,29748.03
2021-04-02,57074.97,25104.9
2021-04-03,58219.43,19002.99
2021-04-04,59119.56,24696.26
2021-04-05,58010.35,26304.15
2021-04-06,55951.98,50347.59
2021-04-07,58084.46,25461.84
2021-04-08,58106.85,21314.29
2021-04-09,59784.8,38726.18
2021-04-10,59980.45,20365.62
2021-04-11,59845.76,31804.9
2021-04-12,63558.48,52964.84
2021-04-13,62964.27,64272.96
2021-04-14,63233.03,34089.46
2021-04-15,61416.41,57540.3
2021-04-16,60056.07,34261.66
2021-04-17,56246.82,112545.94
2021-04-18,55680.11,48650.49
2021-04-19,56496.06,55866.75
2021-04-20,53803.25,41813.35
2021-04-21,51717.61,84222.11
2021-04-22,51178.03,105510.21
2021-04-23,50115.99,33894.94
2021-04-24,49120.97,44241.37
2021-04-25,54062.29,61603.5
2021-04-26,55073.48,40602.56
2021-04-27,54877.94,42647.15
2021-04-28,53581.58,43948.76
2021-04-29,57757.97,48771.0
2021-04-30,57843.16,26146.3
2021-05-01,56623.51,21671.56
2021-05-02,57195.07,41015.04
2021-05-03,53244.07,64556.47
2021-05-04,57506.88,56998.25
2021-05-05,56441.94,50632.92
2021-05-06,57374.33,42812.69
2021-05-07,58943.13,37728.82
2021-05-08,58294.18,45716.87
2021-05-09,55870.01,71168.05
2021-05-10,56747.52,42949.94
2021-05-11,49504.08,74345.74
2021-05-12,49700.6,119769.29
2021-05-13,49887.96,42891.66
2021-05-14,46775.29,53332.47
2021-05-15,46490.71,79337.9
2021-05-16,43552.14,134127.17
2021-05-17,42886.02,71930.7
2021-05-18,36771.87,290986.06
2021-05-19,40597.4,139648.53
2021-05-20,37350.39,120589.87
2021-05-21,37491.5,74964.98
2021-05-22,34716.84,131584.71
2021-05-23,38837.76,106765.14
2021-05-24,38387.36,66530.67
2021-05-25,39295.08,66483.59
2021-05-26,38538.84,46474.62
2021-05-27,35680.92,85345.66
2021-05-28,34611.58,60616.25
2021-05-29,35662.59,37522.16
2021-05-30,37290.83,50306.62
2021-05-31,36683.51,44444.78
2021-06-01,37576.98,39948.44
2021-06-02,39229.66,41098.93
2021-06-03,36861.5,49661.48
2021-06-04,35538.4,39864.17
2021-06-05,35798.57,27469.69
2021-06-06,33582.86,52209.55
2021-06-07,33409.38,88483.79
2021-06-08,37391.58,92280.57
2021-06-09,36680.78,63052.49
2021-06-10,37339.98,43119.67
2021-06-11,35541.78,40619.14
2021-06-12,39017.37,46353.98
2021-06-13,40526.63,68729.09
2021-06-14,40161.86,48248.1
2021-06-15,38345.41,48107.62
2021-06-16,38082.3,41591.09
2021-06-17,35830.29,60242.99
2021-06-18,35515.38,44782.25
2021-06-19,35602.26,56525.29
2021-06-20,31652.62,111039.05
2021-06-21,32537.58,129940.61
2021-06-22,33678.64,60338.69
2021-06-23,34649.84,38755.56
2021-06-24,31593.86,91636.1
2021-06-25,32307.35,58331.1
2021-06-26,34713.81,60403.96
2021-06-27,34487.11,41259.21
2021-06-28,35901.41,44215.51
2021-06-29,35056.39,39796.96
2021-06-30,33543.11,36889.93
2021-07-01,33804.54,33082.4
2021-07-02,34682.84,17319.23
2021-07-03,35287.97,15950.93
2021-07-04,33702.79,31526.39
2021-07-05,34237.66,32844.8
2021-07-06,33880.79,21784.2
2021-07-07,32874.01,47884.76
2021-07-08,33804.2,25677.95
2021-07-09,33515.13,19345.51
2021-07-10,34249.3,15724.2
2021-07-11,33088.51,31074.01
2021-07-12,32737.47,25562.97
2021-07-13,32820.5,27262.01
2021-07-14,31867.46,33647.48
2021-07-15,31401.76,25602.04
2021-07-16,31546.64,27922.98
2021-07-17,31806.3,25079.04
2021-07-18,30847.55,38060.99
2021-07-19,29795.55,43333.42
2021-07-20,32139.48,48925.57
2021-07-21,32299.47,24409.69
2021-07-22,33637.92,23478.17
2021-07-23,34282.56,20217.05
2021-07-24,35369.93,22685.72
2021-07-25,37269.52,100269.43
2021-07-26,39496.69,58179.65
2021-07-27,40030.01,66747.14
2021-07-28,40030.52,31540.85
2021-07-29,42231.83,42436.67
2021-07-30,41474.72,25355.65
2021-07-31,39870.76,33625.25
2021-08-01,39158.53,33109.34
2021-08-02,38189.3,38225.1
2021-08-03,39738.56,34035.77
2021-08-04,40888.18,59748.14
2021-08-05,42852.18,48254.57
2021-08-06,44617.96,50446.88
2021-08-07,43827.75,39433.62
2021-08-08,46292.61,49016.22
2021-08-09,45601.03,35319.34
2021-08-10,45556.69,30818.26
2021-08-11,44425.52,35460.2
2021-08-12,47832.93,34442.64
2021-08-13,47102.03,23828.49
2021-08-14,47015.94,18032.86
2021-08-15,45927.4,28459.99
2021-08-16,44684.43,37125.87
2021-08-17,44714.54,30513.78
2021-08-18,46761.49,33300.5
2021-08-19,49336.45,36326.2
2021-08-20,48867.87,22928.52
2021-08-21,49289.71,16835.81
2021-08-22,49521.06,30374.33
2021-08-23,47690.54,28718.08
2021-08-24,48996.44,25061.09
2021-08-25,46852.22,34276.36
2021-08-26,49088.1,27872.76
2021-08-27,48918.9,12815.36
2021-08-28,48794.26,18983.79
2021-08-29,46993.31,29046.26
2021-08-30,47159.26,29947.56
2021-08-31,48840.01,31823.8
2021-09-01,49280.77,32516.15
2021-09-02,50019.51,38496.86
2021-09-03,49935.29,16795.12
2021-09-04,51784.16,21382.07
2021-09-05,52693.32,25623.3
2021-09-06,46856.31,83874.09
2021-09-07,46073.45,45638.83
2021-09-08,46392.85,32273.7
2021-09-09,44853.1,35701.24
2021-09-10,45166.12,14599.26
2021-09-11,46049.72,16366.41
2021-09-12,44958.56,42623.67
2021-09-13,47129.01,26751.25
2021-09-14,48148.45,26904.97
2021-09-15,47764.47,25702.33
2021-09-16,47297.98,18941.92
2021-09-17,48312.46,15782.18
2021-09-18,47251.76,14044.93
2021-09-19,42925.46,64374.41
2021-09-20,40709.59,70924.75
2021-09-21,43576.15,42391.1
2021-09-22,44893.87,34506.88
2021-09-23,42848.41,60130.03
2021-09-24,42721.91,18046.04
2021-09-25,43201.79,27847.04
2021-09-26,42187.51,26251.27
2021-09-27,41056.79,31946.42
2021-09-28,41539.43,26354.27
2021-09-29,43829.34,33984.98
2021-09-30,48164.35,53577.95
2021-10-01,47669.02,16062.18
2021-10-02,48234.05,18588.83
2021-10-03,49276.91,34394.0
2021-10-04,51504.27,40687.89
2021-10-05,55345.85,64415.98
2021-10-06,53797.21,33806.76
2021-10-07,53949.29,29127.91
2021-10-08,54968.04,14593.95
2021-10-09,54700.24,23094.98
2021-10-10,57498.8,31803.75
2021-10-11,56010.9,33966.65
2021-10-12,57369.0,34054.43
2021-10-13,57359.21,28061.61
2021-10-14,61684.96,62053.36
2021-10-15,60877.77,22943.96
2021-10-16,61520.54,23336.32
2021-10-17,62038.16,50489.09
2021-10-18,64283.97,42983.11
2021-10-19,66021.02,45364.94
2021-10-20,62283.96,62097.42
2021-10-21,60693.59,40476.42
2021-10-22,61313.09,16232.5
2021-10-23,60863.56,19158.07
2021-10-24,63089.04,24693.91
2021-10-25,60315.68,28107.19
2021-10-26,58464.42,45852.35
2021-10-27,60610.11,51251.1
2021-10-28,62282.5,35214.62
2021-10-29,61891.91,15917.35
2021-10-30,61349.75,19359.29
2021-10-31,60960.98,31925.65
2021-11-01,63260.05,36009.96
2021-11-02,62929.93,29618.09
2021-11-03,61448.47,23030.57
2021-11-04,61019.66,20540.56
2021-11-05,61529.76,15432.25
2021-11-06,63302.78,14937.9
2021-11-07,67549.14,39774.17
2021-11-08,66939.24,32745.53
2021-11-09,64926.06,50591.31
2021-11-10,64820.8,21475.67
2021-11-11,64156.3,32742.19
2021-11-12,64409.56,12719.98
2021-11-13,65509.06,14680.72
2021-11-14,63614.06,25263.23
2021-11-15,60108.9,61509.16
2021-11-16,60365.6,43164.9
2021-11-17,56930.68,63523.43
2021-11-18,58136.22,36833.38
2021-11-19,59769.66,16773.71
2021-11-20,58700.83,14990.7
2021-11-21,56303.06,41371.1
2021-11-22,57566.6,37871.22
2021-11-23,57175.09,28738.13
2021-11-24,58966.99,24221.47
2021-11-25,53788.22,60064.72
2021-11-26,54805.03,18504.73
2021-11-27,57331.41,21562.34
2021-11-28,57839.55,29291.8
2021-11-29,56975.35,41466.86
2021-11-30,57227.97,36078.24
2021-12-01,56522.76,30214.7
2021-12-02,53663.25,44903.19
2021-12-03,49243.39,89255.49
2021-12-04,49465.5,42264.26
2021-12-05,50552.83,49875.62
2021-12-06,50633.01,29306.55
2021-12-07,50513.04,25732.2
2021-12-08,47593.85,34472.44
2021-12-09,47191.14,39527.74
2021-12-10,49398.4,24394.48
2021-12-11,50109.99,21546.75
2021-12-12,46731.03,49444.13
2021-12-13,48387.69,34838.49
2021-12-14,48885.05,44270.94
2021-12-15,47635.92,26205.68
2021-12-16,46164.14,37546.89
2021-12-17,46861.62,18781.81
2021-12-18,46697.13,21907.14
2021-12-19,46913.54,32678.5
2021-12-20,48917.48,31921.06
2021-12-21,48614.97,20998.03
2021-12-22,50830.2,30734.43
2021-12-23,50840.36,21669.58
2021-12-24,50431.63,11532.27
2021-12-25,50790.88,14663.26
2021-12-26,50714.73,21873.37
2021-12-27,47536.39,40699.4
2021-12-28,46471.7,33749.8
2021-12-29,47129.66,39311.18
2021-12-30,46197.31,34737.79
2021-12-31,47737.35,16697.92
2022-01-01,47306.41,13025.66
2022-01-02,46450.79,21681.38
2022-01-03,45824.54,29035.93
2022-01-04,43432.51,47769.2
2022-01-05,43094.54,36804.78
2022-01-06,41543.79,51310.46
2022-01-07,41686.67,27559.19
2022-01-08,41869.6,21486.68
2022-01-09,41832.59,51976.97
2022-01-10,42743.03,36554.37
2022-01-11,43919.67,31859.05
2022-01-12,42575.61,29159.4
2022-01-13,43089.83,27290.3
2022-01-14,43088.74,14075.12
2022-01-15,43100.36,12615.04
2022-01-16,42224.38,20310.91
2022-01-17,42372.75,26287.26
2022-01-18,41674.8,32436.62
2022-01-19,40697.03,35135.79
2022-01-20,36469.3,94195.63
2022-01-21,35075.92,68447.95
2022-01-22,36288.15,39599.36
2022-01-23,36702.79,94597.7
2022-01-24,36975.99,44562.17
2022-01-25,36829.37,57460.0
2022-01-26,37189.85,46006.99
2022-01-27,37744.7,38853.31
2022-01-28,38184.86,24097.29
2022-01-29,37908.44,17354.8
2022-01-30,38494.66,34716.41
2022-01-31,38721.49,32504.03
2022-02-01,36918.19,29144.5
2022-02-02,37328.64,27541.76
2022-02-03,41590.34,50443.53
2022-02-04,41418.21,22244.16
2022-02-05,42412.41,14391.14
2022-02-06,43861.07,42425.21
2022-02-07,44080.12,44964.2
2022-02-08,44422.91,27461.26
2022-02-09,43531.67,45532.09
2022-02-10,42398.98,39322.02
2022-02-11,42239.01,17662.13
2022-02-12,42069.84,12420.62
2022-02-13,42552.28,27975.8
2022-02-14,44576.33,27548.28
2022-02-15,43896.34,20597.85
2022-02-16,40545.09,39645.29
2022-02-17,39994.66,32514.79
2022-02-18,40107.12,11674.81
2022-02-19,38397.25,23028.66
2022-02-20,37037.39,47549.32
2022-02-21,38267.75,42886.39
2022-02-22,37270.85,31850.78
2022-02-23,38353.62,93348.71
2022-02-24,39239.77,39454.29
2022-02-25,39134.83,18649.99
2022-02-26,37714.96,30834.07
2022-02-27,43189.46,55323.43
2022-02-28,44428.47,48462.11
2022-03-01,43935.37,37389.51
2022-03-02,42474.37,36512.65
2022-03-03,39154.4,50126.39
2022-03-04,39407.02,15938.79
2022-03-05,38428.92,21034.62
2022-03-06,38030.63,40474.56
2022-03-07,38748.52,35521.85
2022-03-08,41962.85,47211.82
2022-03-09,39443.42,42472.49
2022-03-10,38741.03,39197.4
2022-03-11,38805.53,11886.69
2022-03-12,37796.31,17796.13
2022-03-13,39696.28,32100.73
2022-03-14,39314.86,30642.09
2022-03-15,41133.64,54967.36
2022-03-16,40956.79,18001.83
2022-03-17,41790.97,31863.74
2022-03-18,42235.02,15244.76
2022-03-19,41243.16,15580.67
2022-03-20,41043.9,21865.63
2022-03-21,42380.11,37636.83
2022-03-22,42904.1,26406.13
2022-03-23,44006.77,34879.48
2022-03-24,44331.36,34465.44
2022-03-25,44542.31,11559.16
2022-03-26,46842.14,22676.91
2022-03-27,47128.71,35796.78
2022-03-28,47445.3,27820.54
2022-03-29,47056.41,24550.14
2022-03-30,45522.65,29105.61
2022-03-31,46299.75,34247.82
2022-04-01,45822.28,16494.27
2022-04-02,46414.26,17415.21
2022-04-03,46609.36,24886.34
2022-04-04,45501.58,24206.2
2022-04-05,43177.78,43268.81
2022-04-06,43466.21,22801.41
2022-04-07,42273.38,25455.2
2022-04-08,42768.61,9050.96
2022-04-09,42153.77,12859.53
2022-04-10,39536.71,34885.37
2022-04-11,40086.66,27198.43
2022-04-12,41150.33,24390.05
2022-04-13,39951.63,21473.52
2022-04-14,40563.69,13944.94
2022-04-15,40392.55,7771.05
2022-04-16,39688.16,9701.08
2022-04-17,40811.03,27721.5
2022-04-18,41504.44,18644.77
2022-04-19,41375.35,25834.31
2022-04-20,40490.97,31792.3
2022-04-21,39716.04,28863.91
2022-04-22,39445.97,11481.51
2022-04-23,39466.26,12668.56
2022-04-24,40437.52,38636.23
2022-04-25,38117.39,38188.24
2022-04-26,39252.04,34510.32
2022-04-27,39749.75,29981.12
2022-04-28,38594.22,24745.92
2022-04-29,37650.13,13696.14
2022-04-30,38480.53,17299.6
2022-05-01,38513.01,29810.45
2022-05-02,37725.38,28729.95
2022-05-03,39680.21,36519.07
2022-05-04,36546.86,51315.2
2022-05-05,36009.89,46629.65
2022-05-06,35469.21,20043.0
2022-05-07,34033.77,41023.3
2022-05-08,30076.9,108479.24
2022-05-09,31013.12,103840.6
2022-05-10,29017.21,131586.22
2022-05-11,28915.72,160835.32
2022-05-12,29244.83,64448.46
2022-05-13,30050.31,28759.56
2022-05-14,31296.11,26775.5
2022-05-15,29838.5,41520.45
2022-05-16,30415.91,33082.29
2022-05-17,28667.29,44949.69
2022-05-18,30282.48,48991.36
2022-05-19,29166.15,57051.25
2022-05-20,29410.72,15780.21
2022-05-21,30264.29,21390.13
2022-05-22,29075.68,38286.66
2022-05-23,29630.05,28263.22
2022-05-24,29508.27,26906.19
2022-05-25,29188.71,45080.31
2022-05-26,28597.33,36570.36
2022-05-27,29013.53,12661.88
2022-05-28,29452.23,12840.42
2022-05-29,31716.41,46295.9
2022-05-30,31782.16,32446.48
2022-05-31,29789.58,43767.18
2022-06-01,30439.63,31049.7
2022-06-02,29680.3,24607.85
2022-06-03,29845.48,10446.72
2022-06-04,29897.9,10423.68
2022-06-05,31353.78,34484.33
2022-06-06,31111.75,44308.05
2022-06-07,30189.27,27741.65
2022-06-08,30082.94,20555.57
2022-06-09,29067.38,38461.6
2022-06-10,28389.49,24313.37
2022-06-11,26587.35,38522.37
2022-06-12,22471.59,169741.38
2022-06-13,22118.37,93509.58
2022-06-14,22566.73,118629.55
2022-06-15,20372.85,62443.29
2022-06-16,20432.26,63610.58
2022-06-17,18954.25,100138.03
2022-06-18,20553.48,61181.89
2022-06-19,20550.91,48976.59
2022-06-20,20699.21,45262.22
2022-06-21,19956.16,50640.15
2022-06-22,21098.41,40647.06
2022-06-23,21219.46,40303.85
2022-06-24,21474.19,21604.15
2022-06-25,21031.85,20812.53
2022-06-26,20718.16,30683.89
2022-06-27,20251.96,32936.56
2022-06-28,20094.16,37366.3
2022-06-29,19908.49,56316.14
2022-06-30,19249.33,62287.55
2022-07-01,19225.66,20447.36
2022-07-02,19294.21,22431.91
2022-07-03,20212.81,31698.75
2022-07-04,20158.69,46669.86
2022-07-05,20545.04,39337.75
2022-07-06,21611.8,50417.79
2022-07-07,21592.65,56687.83
2022-07-08,21582.17,21058.31
2022-07-09,20846.53,23037.78
2022-07-10,19944.25,37062.98
2022-07-11,19309.71,44319.07
2022-07-12,20230.81,60187.72
2022-07-13,20577.38,50524.15
2022-07-14,20827.27,35888.21
2022-07-15,21199.01,27875.55
2022-07-16,20792.81,25674.37
2022-07-17,22447.39,66744.81
2022-07-18,23399.91,79216.86
2022-07-19,23222.77,74279.35
2022-07-20,23153.54,52462.17
2022-07-21,22686.32,42569.62
2022-07-22,22452.14,25789.53
2022-07-23,22585.4,22222.43
2022-07-24,21305.59,42928.78
2022-07-25,21258.08,38536.61
2022-07-26,22960.19,52722.03
2022-07-27,23855.65,55708.07
2022-07-28,23769.15,42343.73
2022-07-29,23646.03,32275.85
2022-07-30,23308.14,23010.79
2022-07-31,23271.57,31489.52
2022-08-01,22991.49,34258.27
2022-08-02,22825.25,44757.6
2022-08-03,22622.99,36540.64
2022-08-04,23319.22,50480.51
2022-08-05,22956.4,17293.89
2022-08-06,23179.86,16799.46
2022-08-07,23817.72,40870.37
2022-08-08,23156.66,38306.57
2022-08-09,23959.67,52668.46
2022-08-10,23943.36,54803.51
2022-08-11,24412.17,34031.35
2022-08-12,24449.86,28921.35
2022-08-13,24313.71,36035.79
2022-08-14,24101.69,54754.47
2022-08-15,23858.64,36536.46
2022-08-16,23338.03,45577.22
2022-08-17,23201.51,24887.85
2022-08-18,20833.43,81701.33
2022-08-19,21142.06,38001.61
2022-08-20,21514.79,30413.31
2022-08-21,21399.66,44291.12
2022-08-22,21520.62,41086.01
2022-08-23,21369.05,42427.08
2022-08-24,21565.47,31215.69
2022-08-25,20247.99,74178.49
2022-08-26,20038.42,38543.24
2022-08-27,19554.08,29985.28
2022-08-28,20292.37,52176.52
2022-08-29,19813.51,70062.98
2022-08-30,20050.28,57684.46
2022-08-31,20129.93,44971.29
2022-09-01,19957.44,41618.91
2022-09-02,19834.79,17139.2
2022-09-03,20003.46,19536.47
2022-09-04,19793.29,26176.62
2022-09-05,18791.95,73359.14
2022-09-06,19287.52,50808.95
2022-09-07,19321.77,44210.78
2022-09-08,21369.73,79722.17
2022-09-09,21655.13,35129.91
2022-09-10,21836.45,27756.78
2022-09-11,22400.52,57121.32
2022-09-12,20173.77,83591.14
2022-09-13,20233.68,52796.4
2022-09-14,19700.15,44724.05
2022-09-15,19804.02,48209.89
2022-09-16,20118.35,36248.24
2022-09-17,19417.72,31514.24
2022-09-18,19541.28,67942.65
2022-09-19,18879.95,58735.22
2022-09-20,18468.05,95072.31
2022-09-21,19405.96,96116.87
2022-09-22,19291.13,66475.93
2022-09-23,18924.39,29706.93
2022-09-24,18809.94,28763.0
2022-09-25,19230.96,98706.77
2022-09-26,19081.4,105641.68
2022-09-27,19412.67,93863.47
2022-09-28,19593.46,68669.51
2022-09-29,19425.63,73013.93
2022-09-30,19313.96,14808.24
2022-10-01,19058.15,25352.29
2022-10-02,19632.35,57248.95
2022-10-03,20344.58,64461.86
2022-10-04,20160.74,59503.18
2022-10-05,19965.12,74646.94
2022-10-06,19532.81,59698.47
2022-10-07,19419.32,17433.49
2022-10-08,19442.41,19856.73
2022-10-09,19131.36,44380.54
2022-10-10,19058.29,61563.85
2022-10-11,19154.85,38948.93
2022-10-12,19378.91,88597.27
2022-10-13,19182.01,73991.58
2022-10-14,19069.72,15194.3
2022-10-15,19264.26,15790.4
2022-10-16,19550.49,42730.12
2022-10-17,19330.29,60022.88
2022-10-18,19123.89,49128.58
2022-10-19,19043.54,65084.73
2022-10-20,19166.4,62640.06
2022-10-21,19207.57,16403.84
2022-10-22,19572.6,31309.01
2022-10-23,19331.06,63448.35
2022-10-24,20087.18,103329.66
2022-10-25,20776.76,118988.74
2022-10-26,20295.28,88046.28
2022-10-27,20599.89,78334.3
2022-10-28,20820.19,58585.18
2022-10-29,20630.65,38497.09
2022-10-30,20492.56,61486.04
2022-10-31,20480.27,48670.97
2022-11-01,20150.33,91094.84
2022-11-02,20207.99,54134.03
2022-11-03,21150.6,97929.56
2022-11-04,21301.57,33103.84
2022-11-05,20910.59,27700.95
2022-11-06,20593.73,72622.36
2022-11-07,18544.7,208299.18
2022-11-08,15820.02,245518.91
2022-11-09,17559.67,167486.58
2022-11-10,17007.72,103948.83
2022-11-11,16773.9,34631.17
2022-11-12,16307.47,35382.36
2022-11-13,16592.04,84268.36
2022-11-14,16879.14,76202.66
2022-11-15,16648.05,64606.13
2022-11-16,16680.21,39166.08
2022-11-17,16677.95,45048.23
2022-11-18,16683.72,17003.18
2022-11-19,16253.6,28587.86
2022-11-20,15760.19,80853.23
2022-11-21,16198.25,74140.47
2022-11-22,16590.98,66057.37
2022-11-23,16588.46,37641.28
2022-11-24,16508.33,34733.48
2022-11-25,16451.53,20929.5
2022-11-26,16420.87,18193.37
2022-11-27,16207.01,53565.6
2022-11-28,16431.79,50846.01
2022-11-29,17162.35,86349.91
2022-11-30,16978.64,57361.34
2022-12-01,17094.49,45492.23
2022-12-02,16888.31,24699.47
2022-12-03,17111.76,29823.7
2022-12-04,16966.84,62808.12
2022-12-05,17086.52,47766.64
2022-12-06,16837.85,42127.95
2022-12-07,17226.02,48682.69
2022-12-08,17126.85,41460.2
2022-12-09,17129.19,17288.71
2022-12-10,17094.83,22135.09
2022-12-11,17208.66,43450.3
2022-12-12,17775.32,80026.6
2022-12-13,17801.37,84917.12
2022-12-14,17359.21,68490.07
2022-12-15,16658.44,88776.6
2022-12-16,16780.55,40996.08
2022-12-17,16742.74,25188.36
2022-12-18,16442.79,63181.42
2022-12-19,16901.12,78296.38
2022-12-20,16821.13,42277.5
2022-12-21,16816.01,48646.01
2022-12-22,16780.97,46894.6
2022-12-23,16837.16,17417.89
2022-12-24,16829.1,17605.22
2022-12-25,16916.07,20635.79
2022-12-26,16700.54,42994.72
2022-12-27,16540.47,54253.61
2022-12-28,16631.24,41148.04
2022-12-29,16599.47,53276.85
2022-12-30,16531.31,27594.76
2022-12-31,16613.87,20256.16
2023-01-01,16670.08,30159.75
2023-01-02,16670.16,37684.59
2023-01-03,16846.82,58841.99
2023-01-04,16825.87,31174.48
2023-01-05,16946.16,52488.7
2023-01-06,16942.73,11628.45
2023-01-07,17115.81,21159.6
2023-01-08,17179.03,73779.59
2023-01-09,17442.44,57628.21
2023-01-10,17938.0,63571.7
2023-01-11,18849.0,122644.76
2023-01-12,19932.05,94611.39
2023-01-13,20954.52,107073.42
2023-01-14,20878.94,44461.09
2023-01-15,21188.92,66430.52
2023-01-16,21136.12,55706.36
2023-01-17,20678.47,82422.66
2023-01-18,21082.28,54649.2
2023-01-19,22676.2,82923.31
2023-01-20,22789.92,96424.84
2023-01-21,22714.99,62351.77
2023-01-22,22917.47,70990.57
2023-01-23,22637.8,78065.25
2023-01-24,23066.28,88106.3
2023-01-25,23009.15,64065.53
2023-01-26,23077.75,65135.66
2023-01-27,23031.02,20229.78
2023-01-28,23747.26,57693.1
2023-01-29,22833.34,73408.97
2023-01-30,23129.7,49746.31
2023-01-31,23730.52,50174.15
2023-02-01,23470.8,57852.6
2023-02-02,23437.21,40956.08
2023-02-03,23332.1,14312.36
2023-02-04,22940.79,27262.45
2023-02-05,22761.44,40112.72
2023-02-06,23252.78,37031.49
2023-02-07,22961.13,32423.41
2023-02-08,21807.55,72685.0
2023-02-09,21634.86,52389.7
2023-02-10,21862.19,17100.45
2023-02-11,21790.14,27490.57
2023-02-12,21787.77,58725.99
2023-02-13,22208.56,51049.58
2023-02-14,24332.21,70450.63
2023-02-15,23533.22,89399.75
2023-02-16,24578.28,83842.0
2023-02-17,24638.27,22334.7
2023-02-18,24287.53,43529.32
2023-02-19,24838.09,54396.11
2023-02-20,24450.5,68937.6
2023-02-21,24186.92,71228.71
2023-02-22,23941.1,67725.34
2023-02-23,23189.78,68652.11
2023-02-24,23168.68,24727.95
2023-02-25,23557.29,27073.82
2023-02-26,23492.86,45081.05
2023-02-27,23137.23,34862.93
2023-02-28,23642.8,45323.52
2023-03-01,23467.23,34727.29
2023-03-02,22360.92,59283.75
2023-03-03,22353.23,11840.22
2023-03-04,22434.09,20875.88
2023-03-05,22410.79,27089.91
2023-03-06,22201.44,38893.98
2023-03-07,21704.74,41232.56
2023-03-08,20370.48,75232.11
2023-03-09,20206.71,105350.02
2023-03-10,20613.6,69435.51
2023-03-11,22183.71,63957.66
2023-03-12,24207.1,94501.71
2023-03-13,24757.56,110643.58
2023-03-14,24372.11,74114.24
2023-03-15,25049.83,55408.3
2023-03-16,27441.41,96426.82
2023-03-17,26973.46,48843.14
2023-03-18,28040.29,48163.58
2023-03-19,27807.05,65834.79
2023-03-20,28188.11,45696.4
2023-03-21,27316.18,81267.64
2023-03-22,28345.7,63194.55
2023-03-23,27493.01,52231.16
2023-03-24,27492.83,22474.29
2023-03-25,27995.16,26394.91
2023-03-26,27146.01,45933.42
2023-03-27,27266.08,36875.77
2023-03-28,28355.7,49571.43
2023-03-29,28040.71,58696.25
2023-03-30,28474.62,45335.87
2023-03-31,28468.49,15689.96
2023-04-01,28187.85,16366.29
2023-04-02,27809.04,47462.93
2023-04-03,28177.23,32404.02
2023-04-04,28180.06,37846.93
2023-04-05,28043.49,26094.3
2023-04-06,27927.8,14575.83
2023-04-07,27953.93,9261.95
2023-04-08,28340.68,16329.18
2023-04-09,29655.75,41851.84
2023-04-10,30226.45,47151.42
2023-04-11,29905.56,36421.26
2023-04-12,30407.76,31936.33
2023-04-13,30491.71,48758.42
2023-04-14,30321.55,13596.83
2023-04-15,30322.37,17283.22
2023-04-16,29446.34,34966.91
2023-04-17,30395.53,36469.48
2023-04-18,28821.91,54525.22
2023-04-19,28248.11,41297.76
2023-04-20,27261.17,43368.57
2023-04-21,27820.73,17443.02
2023-04-22,27596.85,18289.06
2023-04-23,27520.93,34236.79
2023-04-24,28308.07,31694.19
2023-04-25,28432.89,79154.04
2023-04-26,29483.94,63333.86
2023-04-27,29339.99,35166.03
2023-04-28,29251.2,11330.73
2023-04-29,29236.81,23251.07
2023-04-30,28086.77,43941.31
2023-05-01,28694.7,32659.37
2023-05-02,29041.65,40257.03
2023-05-03,28865.72,27573.93
2023-05-04,29548.51,35426.26
2023-05-05,28943.98,24527.41
2023-05-06,28572.81,16604.62
2023-05-07,27783.42,40605.62
2023-05-08,27680.21,22925.76
2023-05-09,27628.73,41945.8
2023-05-10,26991.62,29504.51
2023-05-11,26807.09,42526.8
2023-05-12,26788.88,12502.23
2023-05-13,26931.44,11877.98
2023-05-14,27176.27,27959.1
2023-05-15,27036.57,23994.43
2023-05-16,27406.21,29196.37
2023-05-17,26823.31,27707.43
2023-05-18,26888.42,16460.59
2023-05-19,27118.54,7375.52
2023-05-20,26755.17,11973.11
2023-05-21,26855.4,17684.89
2023-05-22,27224.7,21235.04
2023-05-23,26326.17,31836.22
2023-05-24,26480.21,22984.71
2023-05-25,26719.7,20356.54
2023-05-26,26872.59,7427.77
2023-05-27,28077.57,19785.88
2023-05-28,27746.07,21644.99
2023-05-29,27703.56,23615.79
2023-05-30,27220.17,28352.48
2023-05-31,26825.73,23979.7
2023-06-01,27251.14,23786.38
2023-06-02,27078.3,8092.89
2023-06-03,27125.24,9147.43
2023-06-04,25740.46,37219.66
2023-06-05,27269.02,38336.34
2023-06-06,26348.91,30599.1
2023-06-07,26509.09,15156.05
2023-06-08,26483.81,16583.88
2023-06-09,25856.18,31361.96
2023-06-10,25937.58,13172.72
2023-06-11,25905.64,17060.82
2023-06-12,25928.94,23047.35
2023-06-13,25125.73,26761.01
2023-06-14,25574.36,32804.74
2023-06-15,26330.59,27648.16
2023-06-16,26510.43,12515.48
2023-06-17,26338.0,9378.95
2023-06-18,26842.09,17956.62
2023-06-19,28319.35,45985.63
2023-06-20,30000.55,57981.94
2023-06-21,29892.81,34380.15
2023-06-22,30705.39,41294.22
2023-06-23,30548.2,13046.45
2023-06-24,30473.64,13393.19
2023-06-25,30271.91,21681.68
2023-06-26,30696.99,22312.5
2023-06-27,30078.9,19096.02
2023-06-28,30447.17,21447.12
2023-06-29,30471.06,47299.15
2023-06-30,30590.76,7261.71
2023-07-01,30617.66,8660.66
2023-07-02,31160.24,19619.43
2023-07-03,30774.39,13276.48
2023-07-04,30503.07,15878.7
2023-07-05,29907.98,30802.77
2023-07-06,30349.69,19368.34
2023-07-07,30294.36,6360.91
2023-07-08,30171.49,7139.62
2023-07-09,30421.04,22193.83
2023-07-10,30626.62,17665.77
2023-07-11,30385.22,24693.12
2023-07-12,31475.78,42344.72
2023-07-13,30331.09,33129.0
2023-07-14,30298.45,4925.15
2023-07-15,30248.17,7411.25
2023-07-16,30147.68,18560.1
2023-07-17,29863.79,18759.37
2023-07-18,29918.6,14893.37
2023-07-19,29809.61,19269.41
2023-07-20,29911.46,13254.74
2023-07-21,29791.61,6111.68
2023-07-22,30085.68,8140.53
2023-07-23,29181.04,25436.68
2023-07-24,29226.63,12141.51
2023-07-25,29352.06,16583.36
2023-07-26,29217.05,12727.55
2023-07-27,29316.82,11707.43
2023-07-28,29358.76,4989.17
2023-07-29,29283.34,7661.41
2023-07-30,29231.47,14553.25
2023-07-31,29699.74,28319.33
2023-08-01,29163.69,28507.89
2023-08-02,29177.75,15427.08
2023-08-03,29078.51,12900.38
2023-08-04,29050.34,4135.0
2023-08-05,29046.16,4361.16
2023-08-06,29182.16,16388.65
2023-08-07,29770.51,26561.94
2023-08-08,29566.47,17933.09
2023-08-09,29428.1,12722.06
2023-08-10,29403.56,10550.47
2023-08-11,29417.08,3495.96
2023-08-12,29281.55,3928.8
2023-08-13,29409.22,12333.02
2023-08-14,29171.23,10214.85
2023-08-15,28702.8,16506.96
2023-08-16,26629.67,50603.71
2023-08-17,26049.69,33853.32
2023-08-18,26095.8,10190.62
2023-08-19,26191.01,7358.66
2023-08-20,26126.18,16512.71
2023-08-21,26043.01,19880.36
2023-08-22,26429.4,25584.15
2023-08-23,26166.22,17135.14
2023-08-24,26051.29,18808.91
2023-08-25,26010.35,3572.84
2023-08-26,26091.32,4137.97
2023-08-27,26106.0,11633.38
2023-08-28,27724.41,39870.36
2023-08-29,27305.41,19031.6
2023-08-30,25937.29,27850.06
2023-08-31,25798.79,24807.18
2023-09-01,25868.56,7017.96
2023-09-02,25971.37,6190.05
2023-09-03,25816.24,8832.41
2023-09-04,25785.01,10888.31
2023-09-05,25751.71,15183.61
2023-09-06,26264.75,18952.45
2023-09-07,25907.13,18556.34
2023-09-08,25898.41,4094.4
2023-09-09,25833.67,8434.22
2023-09-10,25157.07,24481.75
2023-09-11,25840.34,36111.44
2023-09-12,26227.49,18955.32
2023-09-13,26533.66,24488.8
2023-09-14,26605.49,17339.0
2023-09-15,26569.13,7062.9
2023-09-16,26533.12,5698.34
2023-09-17,26767.82,29536.95
2023-09-18,27219.02,24703.82
2023-09-19,27126.4,21439.58
2023-09-20,26567.47,20948.1
2023-09-21,26583.16,15354.82
2023-09-22,26585.41,5251.29
2023-09-23,26261.44,9848.35
2023-09-24,26297.93,19804.27
2023-09-25,26212.59,12902.09
2023-09-26,26360.2,24188.11
2023-09-27,27027.2,30832.51
2023-09-28,26909.4,21721.72
2023-09-29,26964.27,7260.78
2023-09-30,27994.51,16861.15
2023-10-01,27507.22,42701.42
2023-10-02,27428.66,22621.25
2023-10-03,27789.8,18061.23
2023-10-04,27414.59,25127.82
2023-10-05,27946.61,25278.57
2023-10-06,27973.69,7351.08
2023-10-07,27933.57,8547.03
2023-10-08,27598.77,21887.87
2023-10-09,27395.4,18600.95
2023-10-10,26871.21,30496.51
2023-10-11,26756.23,16400.37
2023-10-12,26862.9,18507.04
2023-10-13,26854.52,5865.21
2023-10-14,27177.41,10978.68
2023-10-15,28518.37,66720.48
2023-10-16,28409.46,26038.83
2023-10-17,28328.07,23999.55
2023-10-18,28733.78,25550.36
2023-10-19,29684.37,42016.08
2023-10-20,29924.08,15637.83
2023-10-21,30001.44,13845.91
2023-10-22,33084.08,73249.41
2023-10-23,33923.52,75112.67
2023-10-24,34503.4,43002.87
2023-10-25,34157.06,36463.09
2023-10-26,33907.7,30792.41
2023-10-27,34090.05,10888.97
2023-10-28,34535.38,13639.48
2023-10-29,34494.56,23948.89
2023-10-30,34657.73,21982.74
2023-10-31,35439.76,34274.26
2023-11-01,34947.15,31205.25
2023-11-02,34732.28,27811.97
2023-11-03,35086.09,10840.41
2023-11-04,35039.47,15210.52
2023-11-05,35054.59,17520.44
2023-11-06,35421.85,28810.78
2023-11-07,35638.33,26404.64
2023-11-08,36704.14,62530.57
2023-11-09,37321.51,32545.3
2023-11-10,37142.22,14920.5
2023-11-11,37079.76,9320.87
2023-11-12,36482.51,24368.53
2023-11-13,35551.21,33896.65
2023-11-14,37884.19,39005.98
2023-11-15,36162.42,38917.77
2023-11-16,36626.32,28253.69
2023-11-17,36591.19,8649.03
2023-11-18,37388.64,11668.93
2023-11-19,37476.66,31117.45
2023-11-20,35758.72,42793.3
2023-11-21,37424.2,36262.61
2023-11-22,37299.18,16793.76
2023-11-23,37737.05,34951.5
2023-11-24,37801.92,8271.55
2023-11-25,37460.21,12751.26
2023-11-26,37246.29,24674.21
2023-11-27,37836.63,33506.06
2023-11-28,37861.9,27433.75
2023-11-29,37729.58,16874.61
2023-11-30,38699.84,32942.59
2023-12-01,39469.35,17299.38
2023-12-02,39980.93,16087.63
2023-12-03,41984.41,48574.89
2023-12-04,44089.06,52083.86
2023-12-05,43771.01,39080.76
2023-12-06,43285.02,30381.14
2023-12-07,44186.18,29502.75
2023-12-08,43723.0,15066.31
2023-12-09,43791.67,11497.59
2023-12-10,41235.58,58689.61
2023-12-11,41472.94,31480.37
2023-12-12,42887.55,36203.68
2023-12-13,43030.6,34166.34
2023-12-14,41939.16,25157.34
2023-12-15,42243.26,13495.73
2023-12-16,41349.42,18460.88
2023-12-17,42650.27,32860.71
2023-12-18,42268.08,30940.15
2023-12-19,43669.91,41481.09
2023-12-20,43875.01,29872.95
2023-12-21,44008.04,24740.39
2023-12-22,43732.75,10973.31
2023-12-23,43023.12,14281.15
2023-12-24,43593.79,14747.02
2023-12-25,42517.32,30529.57
2023-12-26,43469.34,27420.29
2023-12-27,42588.94,29112.04
2023-12-28,42073.59,34268.41
2023-12-29,42146.03,21511.57
2023-12-30,42280.14,21509.24
2023-12-31,44197.61,19499.59
2024-01-01,44970.34,57443.36
2024-01-02,42854.08,82056.19
2024-01-03,44194.38,49538.94
2024-01-04,44178.89,54169.3
2024-01-05,43988.33,16352.13
2024-01-06,43950.84,20056.41
2024-01-07,46988.14,66057.64
2024-01-08,46123.0,66281.93
2024-01-09,46667.48,80226.64
2024-01-10,46353.15,77548.89
2024-01-11,42776.42,87031.78
2024-01-12,42839.19,23024.72
2024-01-13,41704.39,21730.6
2024-01-14,42491.26,24561.1
2024-01-15,43130.88,36429.24
2024-01-16,42739.27,32911.24
2024-01-17,41286.68,45180.42
2024-01-18,41625.47,45191.13
2024-01-19,41677.08,13096.14
2024-01-20,41570.17,9176.94
2024-01-21,39523.63,56109.4
2024-01-22,39876.44,46007.49
2024-01-23,40078.62,37009.85
2024-01-24,39941.74,29183.88
2024-01-25,41816.55,42739.48
2024-01-26,42124.02,10632.46
2024-01-27,42028.92,16615.66
2024-01-28,43302.28,27783.74
2024-01-29,42943.64,34500.06
2024-01-30,42555.08,39491.24
2024-01-31,43073.2,29018.49
2024-02-01,43181.71,26779.09
2024-02-02,42999.52,7556.6
2024-02-03,42570.21,9589.32
2024-02-04,42664.56,24867.17
2024-02-05,43091.51,22482.95
2024-02-06,44339.04,30331.77
2024-02-07,45304.61,39654.68
2024-02-08,47154.23,50590.41
2024-02-09,47768.12,16452.46
2024-02-10,48311.16,19858.95
2024-02-11,49942.97,47112.86
2024-02-12,49733.11,42027.05
2024-02-13,51844.19,43948.58
2024-02-14,51934.57,42990.13
2024-02-15,52163.28,32295.2
2024-02-16,51668.78,17696.94
2024-02-17,52139.33,14716.3
2024-02-18,51781.22,18980.36
2024-02-19,52269.59,39504.32
2024-02-20,51854.36,32665.42
2024-02-21,51263.67,30501.44
2024-02-22,50744.07,26365.93
2024-02-23,51574.61,10707.22
2024-02-24,51727.63,12394.68
2024-02-25,54518.58,47961.27
2024-02-26,57071.6,62683.92
2024-02-27,62507.1,102181.72
2024-02-28,61179.58,84709.08
2024-02-29,62431.25,52747.33
2024-03-01,62038.39,20264.53
2024-03-02,63149.43,20301.48
2024-03-03,68338.64,79177.16
2024-03-04,63804.11,126873.13
2024-03-05,66115.57,68031.77
2024-03-06,66928.15,41800.64
2024-03-07,68269.39,59361.92
2024-03-08,68446.32,16947.1
2024-03-09,69023.53,27686.99
2024-03-10,72095.86,62709.74
2024-03-11,71449.5,58546.01
2024-03-12,73118.09,41314.41
2024-03-13,71366.96,60699.01
2024-03-14,69497.39,73358.94
2024-03-15,65260.55,33956.52
2024-03-16,68364.45,29362.49
2024-03-17,67609.44,38542.52
2024-03-18,61924.02,75848.91
2024-03-19,67857.3,69671.19
2024-03-20,65493.22,38234.75
2024-03-21,63816.99,37343.35
2024-03-22,64004.42,19360.47
2024-03-23,67208.33,19120.87
2024-03-24,69892.26,46100.6
2024-03-25,69990.22,32990.33
2024-03-26,69434.46,40450.72
2024-03-27,70789.57,31346.01
2024-03-28,69903.72,17382.89
2024-03-29,69629.99,7371.14
2024-03-30,71312.91,10567.65
2024-03-31,69686.37,28892.19
2024-04-01,65466.81,48905.67
2024-04-02,65986.11,27792.87
2024-04-03,68523.79,36673.5
2024-04-04,67860.53,32904.8
2024-04-05,68913.79,11314.76
2024-04-06,69357.32,13691.75
2024-04-07,71629.36,36459.33
2024-04-08,69129.48,34538.71
2024-04-09,70628.54,37142.44
2024-04-10,70026.43,24988.45
2024-04-11,67158.3,49331.17
2024-04-12,64021.36,56915.71
2024-04-13,65765.64,40968.04
2024-04-14,63447.27,40978.19
2024-04-15,63824.7,35542.55
2024-04-16,61283.74,41504.19
2024-04-17,63511.2,31452.84
2024-04-18,63848.26,46058.39
2024-04-19,64979.21,13464.03
2024-04-20,64955.82,13150.64
2024-04-21,66854.24,22839.75
2024-04-22,66415.06,17575.6
2024-04-23,64263.95,28785.93
2024-04-24,64488.49,26730.52
2024-04-25,63750.63,19914.4
2024-04-26,63434.44,12684.85
2024-04-27,63111.34,10104.62
2024-04-28,63847.54,21849.86
2024-04-29,60633.97,41212.82
2024-04-30,58277.44,52053.76
2024-05-01,59083.85,29471.89
2024-05-02,62917.45,35180.41
2024-05-03,63904.51,16206.9
2024-05-04,64037.5,12595.62
2024-05-05,63168.44,24082.55
2024-05-06,62323.36,20907.17
2024-05-07,61179.81,18593.4
2024-05-08,63077.18,18440.55
2024-05-09,60790.82,25390.35
2024-05-10,60823.19,8298.11
2024-05-11,61459.22,8214.5
2024-05-12,62932.29,21250.01
2024-05-13,61548.48,26392.04
2024-05-14,66245.16,40708.36
2024-05-15,65250.53,24275.96
2024-05-16,67051.35,23340.48
2024-05-17,66927.56,8752.24
2024-05-18,66268.25,9725.64
2024-05-19,71430.23,38260.49
2024-05-20,70141.17,30747.6
2024-05-21,69123.56,22981.44
2024-05-22,67946.35,28168.79
2024-05-23,68548.33,18239.62
2024-05-24,69288.95,5972.0
2024-05-25,68488.29,5502.87
2024-05-26,69386.83,13110.64
2024-05-27,68330.84,22223.83
2024-05-28,67576.81,16353.37
2024-05-29,68346.19,20828.64
2024-05-30,67482.25,19922.04
2024-05-31,67721.6,4400.74
2024-06-01,67738.74,6731.43
2024-06-02,68799.6,22783.46
2024-06-03,70548.51,29746.55
2024-06-04,71117.68,21737.62
2024-06-05,70772.35,16078.4
2024-06-06,69330.51,28318.21
2024-06-07,69303.58,5753.02
2024-06-08,69639.42,5137.66
2024-06-09,69505.57,12116.49
2024-06-10,67319.41,31800.9
2024-06-11,68247.0,31159.85
2024-06-12,66742.54,23051.5
2024-06-13,66006.13,24684.72
2024-06-14,66188.81,6139.62
2024-06-15,66631.59,6512.06
2024-06-16,66481.73,28974.78
2024-06-17,65158.02,35263.17
2024-06-18,64950.82,13478.88
2024-06-19,64847.89,22559.77
2024-06-20,64119.34,22310.94
2024-06-21,64250.18,5570.5
2024-06-22,63181.02,6504.7
2024-06-23,60270.95,48177.24
2024-06-24,61796.56,31697.13
2024-06-25,60824.43,23423.63
2024-06-26,61630.1,22562.67
2024-06-27,60324.3,24288.31
2024-06-28,60905.3,9214.26
2024-06-29,62685.88,12626.61
2024-06-30,62841.27,25708.72
2024-07-01,62044.48,20510.77
2024-07-02,60157.2,27365.92
2024-07-03,57041.11,40351.82
2024-07-04,56646.24,57490.15
2024-07-05,58255.65,18766.95
2024-07-06,55866.6,18402.28
2024-07-07,56709.76,43439.51
2024-07-08,58047.2,29452.6
2024-07-09,57725.78,28064.27
2024-07-10,57348.75,29764.17
2024-07-11,57913.68,27242.71
2024-07-12,59231.06,13963.3
2024-07-13,60818.77,20080.87
2024-07-14,64765.55,43679.34
2024-07-15,65087.61,38850.8
2024-07-16,64096.64,28170.64
2024-07-17,63981.43,21904.27
2024-07-18,66708.49,33756.81
2024-07-19,67163.86,12566.25
2024-07-20,68176.98,18123.31
2024-07-21,67567.71,26712.99
2024-07-22,65939.83,29465.67
2024-07-23,65375.53,21576.01
2024-07-24,65794.0,29473.48
2024-07-25,67925.17,24567.97
2024-07-26,67904.55,26420.73
2024-07-27,68252.75,11980.7
2024-07-28,66782.78,33524.03
2024-07-29,66180.04,24376.6
2024-07-30,64633.35,23383.14
